"Date","Price","Open","High","Low","Vol.","Change %"
"Jun 21, 2019","0.730","0.725","0.735","0.720","8.22M","1.39%"
"Jun 20, 2019","0.720","0.730","0.735","0.720","7.68M","-0.69%"
"Jun 19, 2019","0.725","0.735","0.745","0.725","18.29M","0.00%"
"Jun 18, 2019","0.725","0.715","0.730","0.705","11.48M","1.40%"
"Jun 17, 2019","0.715","0.730","0.730","0.700","7.03M","-1.38%"
"Jun 14, 2019","0.725","0.735","0.750","0.715","27.70M","-0.68%"
"Jun 13, 2019","0.730","0.695","0.730","0.690","16.86M","4.29%"
"Jun 12, 2019","0.700","0.695","0.705","0.685","10.54M","0.72%"
"Jun 11, 2019","0.695","0.685","0.710","0.675","27.27M","1.46%"
"Jun 10, 2019","0.685","0.675","0.695","0.670","18.81M","3.01%"
"Jun 07, 2019","0.665","0.670","0.685","0.665","11.21M","0.76%"
"Jun 04, 2019","0.660","0.655","0.665","0.650","2.24M","0.76%"
"Jun 03, 2019","0.655","0.660","0.660","0.640","4.40M","-1.50%"
"May 31, 2019","0.665","0.650","0.675","0.650","19.25M","1.53%"
"May 30, 2019","0.655","0.640","0.665","0.640","21.07M","2.34%"
"May 29, 2019","0.640","0.625","0.660","0.625","13.91M","0.00%"
"May 28, 2019","0.640","0.605","0.645","0.605","14.93M","6.67%"
"May 27, 2019","0.600","0.595","0.600","0.580","4.21M","1.69%"
"May 24, 2019","0.590","0.580","0.600","0.575","7.85M","0.85%"
"May 23, 2019","0.585","0.605","0.610","0.585","12.42M","-3.31%"
"May 21, 2019","0.605","0.620","0.640","0.605","9.80M","-3.20%"
"May 17, 2019","0.625","0.640","0.645","0.620","6.51M","-0.79%"
"May 16, 2019","0.630","0.660","0.675","0.625","19.48M","-3.82%"
"May 15, 2019","0.655","0.645","0.655","0.640","11.67M","2.34%"
"May 14, 2019","0.640","0.600","0.645","0.580","30.36M","3.23%"
"May 13, 2019","0.620","0.660","0.665","0.615","16.77M","-6.06%"
"May 10, 2019","0.660","0.680","0.690","0.660","13.20M","-1.49%"
"May 09, 2019","0.670","0.695","0.700","0.660","18.57M","-2.90%"
"May 08, 2019","0.690","0.655","0.695","0.655","35.41M","2.22%"
"May 07, 2019","0.675","0.650","0.690","0.640","33.90M","6.30%"
"May 06, 2019","0.635","0.650","0.660","0.630","28.70M","-3.79%"
"May 03, 2019","0.660","0.620","0.665","0.615","54.98M","5.60%"
"May 02, 2019","0.625","0.640","0.645","0.600","23.11M","-3.10%"
"Apr 30, 2019","0.645","0.640","0.665","0.635","16.52M","0.78%"
"Apr 29, 2019","0.640","0.670","0.670","0.630","17.03M","-3.76%"
"Apr 26, 2019","0.665","0.685","0.690","0.650","28.12M","-1.48%"
"Apr 25, 2019","0.675","0.685","0.700","0.670","20.50M","-1.46%"
"Apr 24, 2019","0.685","0.695","0.715","0.680","26.05M","-1.44%"
"Apr 23, 2019","0.695","0.690","0.715","0.655","40.12M","-4.79%"
"Apr 22, 2019","0.730","0.610","0.800","0.610","149.48M","24.79%"
"Apr 19, 2019","0.585","0.570","0.595","0.565","24.54M","4.46%"
"Apr 18, 2019","0.560","0.530","0.565","0.520","20.31M","4.67%"
"Apr 17, 2019","0.535","0.580","0.585","0.530","20.03M","-7.76%"
"Apr 16, 2019","0.580","0.590","0.595","0.575","10.17M","-2.52%"
"Apr 15, 2019","0.595","0.620","0.625","0.580","18.14M","-3.25%"
"Apr 12, 2019","0.615","0.600","0.635","0.600","66.03M","6.03%"
"Apr 11, 2019","0.580","0.610","0.610","0.570","11.76M","-4.13%"
"Apr 10, 2019","0.605","0.595","0.615","0.590","15.66M","1.68%"
"Apr 09, 2019","0.595","0.580","0.610","0.575","26.59M","4.39%"
"Apr 08, 2019","0.570","0.560","0.585","0.550","25.98M","5.56%"
"Apr 05, 2019","0.540","0.545","0.555","0.540","6.02M","-0.92%"
"Apr 04, 2019","0.545","0.550","0.570","0.540","20.30M","-1.80%"
"Apr 03, 2019","0.555","0.530","0.565","0.525","28.53M","5.71%"
"Apr 02, 2019","0.525","0.535","0.540","0.525","22.41M","0.00%"
"Apr 01, 2019","0.525","0.510","0.530","0.505","24.93M","3.96%"
"Mar 29, 2019","0.505","0.495","0.515","0.490","16.40M","3.06%"
"Mar 28, 2019","0.490","0.485","0.495","0.475","8.23M","2.08%"
"Mar 27, 2019","0.480","0.480","0.495","0.475","14.63M","1.05%"
"Mar 26, 2019","0.475","0.460","0.475","0.455","6.70M","4.40%"
"Mar 25, 2019","0.455","0.460","0.470","0.450","6.10M","-2.15%"
"Mar 22, 2019","0.465","0.470","0.480","0.465","8.66M","-1.06%"
"Mar 21, 2019","0.470","0.480","0.485","0.465","15.45M","-1.05%"
"Mar 20, 2019","0.475","0.470","0.480","0.465","18.81M","3.26%"
"Mar 19, 2019","0.460","0.475","0.475","0.455","6.03M","-3.16%"
"Mar 18, 2019","0.475","0.445","0.475","0.440","18.91M","4.40%"
"Mar 15, 2019","0.455","0.475","0.485","0.450","33.25M","-6.19%"
"Mar 14, 2019","0.485","0.475","0.495","0.470","12.63M","2.11%"
"Mar 13, 2019","0.475","0.485","0.485","0.470","9.66M","-3.06%"
"Mar 12, 2019","0.490","0.485","0.495","0.480","14.18M","2.08%"
"Mar 11, 2019","0.480","0.490","0.505","0.475","34.57M","1.05%"
"Mar 08, 2019","0.475","0.465","0.485","0.465","29.10M","2.15%"
"Mar 07, 2019","0.465","0.445","0.480","0.440","43.27M","5.68%"
"Mar 06, 2019","0.440","0.435","0.455","0.430","19.66M","1.15%"
"Mar 05, 2019","0.435","0.435","0.445","0.425","11.59M","-1.14%"
"Mar 04, 2019","0.440","0.440","0.445","0.430","13.30M","0.00%"
"Mar 01, 2019","0.440","0.405","0.440","0.395","23.97M","8.64%"
"Feb 28, 2019","0.405","0.445","0.450","0.390","25.34M","-8.99%"
"Feb 27, 2019","0.445","0.455","0.455","0.435","21.93M","-1.11%"
"Feb 26, 2019","0.450","0.450","0.470","0.440","98.13M","-15.09%"
"Feb 25, 2019","0.530","0.555","0.570","0.515","24.30M","-3.64%"
"Feb 22, 2019","0.550","0.535","0.565","0.515","31.84M","2.80%"
"Feb 21, 2019","0.535","0.520","0.550","0.515","45.20M","4.90%"
"Feb 20, 2019","0.510","0.485","0.520","0.480","46.30M","7.37%"
"Feb 19, 2019","0.475","0.470","0.485","0.470","24.48M","2.15%"
"Feb 18, 2019","0.465","0.465","0.470","0.445","13.90M","1.09%"
"Feb 15, 2019","0.460","0.485","0.485","0.460","7.36M","-4.17%"
"Feb 14, 2019","0.480","0.485","0.490","0.480","3.74M","0.00%"
"Feb 13, 2019","0.480","0.500","0.505","0.480","20.47M","0.00%"
"Feb 12, 2019","0.480","0.485","0.495","0.470","11.77M","0.00%"
"Feb 11, 2019","0.480","0.480","0.480","0.465","6.74M","1.05%"
"Feb 08, 2019","0.475","0.460","0.485","0.455","9.12M","3.26%"
"Feb 07, 2019","0.460","0.440","0.465","0.435","3.24M","4.55%"
"Feb 04, 2019","0.440","0.450","0.450","0.425","3.84M","-2.22%"
"Jan 31, 2019","0.450","0.465","0.465","0.440","9.85M","-1.10%"
"Jan 30, 2019","0.455","0.485","0.485","0.450","13.01M","-5.21%"
"Jan 29, 2019","0.480","0.475","0.485","0.470","6.76M","0.00%"
"Jan 28, 2019","0.480","0.485","0.485","0.470","6.00M","0.00%"
"Jan 25, 2019","0.480","0.510","0.510","0.475","13.26M","-4.95%"
"Jan 24, 2019","0.505","0.495","0.515","0.490","7.16M","2.02%"
"Jan 23, 2019","0.495","0.480","0.500","0.470","8.92M","2.06%"
"Jan 22, 2019","0.485","0.525","0.530","0.485","14.46M","-5.83%"
"Jan 18, 2019","0.515","0.475","0.535","0.475","33.31M","9.57%"
"Jan 17, 2019","0.470","0.485","0.485","0.460","11.43M","-2.08%"
"Jan 16, 2019","0.480","0.485","0.500","0.475","25.96M","1.05%"
"Jan 15, 2019","0.475","0.465","0.485","0.460","12.65M","2.15%"
"Jan 14, 2019","0.465","0.475","0.480","0.455","7.70M","-1.06%"
"Jan 11, 2019","0.470","0.455","0.490","0.450","18.53M","4.44%"
"Jan 10, 2019","0.450","0.460","0.485","0.450","20.91M","-3.23%"
"Jan 09, 2019","0.465","0.430","0.475","0.430","36.40M","8.14%"
"Jan 08, 2019","0.430","0.425","0.440","0.415","11.06M","1.18%"
"Jan 07, 2019","0.425","0.420","0.450","0.420","36.31M","4.94%"
"Jan 04, 2019","0.405","0.380","0.420","0.380","23.99M","5.19%"
"Jan 03, 2019","0.385","0.385","0.400","0.375","9.59M","1.32%"
"Jan 02, 2019","0.380","0.390","0.390","0.375","4.46M","-1.30%"
"Dec 31, 2018","0.385","0.380","0.405","0.380","8.05M","1.32%"
"Dec 28, 2018","0.380","0.375","0.385","0.370","2.69M","1.33%"
"Dec 27, 2018","0.375","0.390","0.395","0.370","6.17M","0.00%"
"Dec 26, 2018","0.375","0.380","0.385","0.365","2.84M","-3.85%"
"Dec 24, 2018","0.390","0.375","0.395","0.375","3.54M","4.00%"
"Dec 21, 2018","0.375","0.360","0.380","0.360","3.53M","2.74%"
"Dec 20, 2018","0.365","0.385","0.395","0.365","7.03M","-5.19%"
"Dec 19, 2018","0.385","0.370","0.390","0.370","7.13M","4.05%"
"Dec 18, 2018","0.370","0.390","0.390","0.360","5.93M","-6.33%"
"Dec 17, 2018","0.395","0.425","0.425","0.390","4.36M","-7.06%"
"Dec 14, 2018","0.425","0.435","0.435","0.420","2.30M","-1.16%"
"Dec 13, 2018","0.430","0.425","0.445","0.420","6.40M","2.38%"
"Dec 12, 2018","0.420","0.425","0.440","0.415","3.75M","-1.18%"
"Dec 11, 2018","0.425","0.420","0.430","0.420","3.22M","1.19%"
"Dec 10, 2018","0.420","0.435","0.440","0.420","1.89M","-3.45%"
"Dec 07, 2018","0.435","0.440","0.450","0.430","2.25M","-1.14%"
"Dec 06, 2018","0.440","0.455","0.470","0.435","6.60M","-3.30%"
"Dec 05, 2018","0.455","0.475","0.485","0.450","5.95M","-8.08%"
"Dec 04, 2018","0.495","0.490","0.510","0.475","6.16M","-1.00%"
"Dec 03, 2018","0.500","0.455","0.500","0.450","11.62M","13.64%"
"Nov 30, 2018","0.440","0.430","0.445","0.415","6.74M","4.76%"
"Nov 29, 2018","0.420","0.475","0.485","0.415","18.66M","-8.70%"
"Nov 28, 2018","0.460","0.540","0.540","0.460","17.51M","-14.02%"
"Nov 27, 2018","0.535","0.605","0.605","0.515","9.86M","-13.01%"
"Nov 26, 2018","0.615","0.605","0.615","0.595","890.30K","0.82%"
"Nov 23, 2018","0.610","0.640","0.645","0.605","3.71M","-3.94%"
"Nov 22, 2018","0.635","0.665","0.670","0.630","3.16M","-5.22%"
"Nov 21, 2018","0.670","0.660","0.670","0.655","377.80K","0.00%"
"Nov 19, 2018","0.670","0.675","0.675","0.665","172.40K","0.00%"
"Nov 16, 2018","0.670","0.680","0.685","0.670","828.00K","0.00%"
"Nov 15, 2018","0.670","0.670","0.680","0.660","789.10K","0.00%"
"Nov 14, 2018","0.670","0.690","0.690","0.665","1.72M","-2.90%"
"Nov 13, 2018","0.690","0.670","0.690","0.665","851.30K","1.47%"
"Nov 12, 2018","0.680","0.680","0.690","0.675","808.10K","-0.73%"
"Nov 09, 2018","0.685","0.720","0.720","0.675","2.27M","-4.86%"
"Nov 08, 2018","0.720","0.715","0.725","0.710","2.06M","2.13%"
"Nov 07, 2018","0.705","0.705","0.715","0.690","509.40K","0.00%"
"Nov 05, 2018","0.705","0.710","0.710","0.685","1.05M","-0.70%"
"Nov 02, 2018","0.710","0.690","0.730","0.685","5.39M","4.41%"
"Nov 01, 2018","0.680","0.675","0.690","0.665","3.73M","2.26%"
"Oct 31, 2018","0.665","0.640","0.680","0.640","2.88M","5.56%"
"Oct 30, 2018","0.630","0.640","0.645","0.625","1.02M","-2.33%"
"Oct 29, 2018","0.645","0.655","0.660","0.635","992.40K","-2.27%"
"Oct 26, 2018","0.660","0.675","0.695","0.660","7.65M","-1.49%"
"Oct 25, 2018","0.670","0.700","0.700","0.660","9.14M","-6.29%"
"Oct 24, 2018","0.715","0.700","0.725","0.690","4.65M","2.88%"
"Oct 23, 2018","0.695","0.690","0.700","0.680","1.94M","0.72%"
"Oct 22, 2018","0.690","0.665","0.715","0.665","3.68M","3.76%"
"Oct 19, 2018","0.665","0.660","0.680","0.650","6.31M","0.00%"
"Oct 18, 2018","0.665","0.710","0.715","0.660","3.88M","-5.67%"
"Oct 17, 2018","0.705","0.665","0.730","0.655","8.53M","7.63%"
"Oct 16, 2018","0.655","0.630","0.655","0.630","2.20M","3.97%"
"Oct 15, 2018","0.630","0.670","0.690","0.625","4.89M","-5.97%"
"Oct 12, 2018","0.670","0.680","0.700","0.665","4.18M","-1.47%"
"Oct 11, 2018","0.680","0.670","0.695","0.645","1.59M","-3.55%"
"Oct 10, 2018","0.705","0.710","0.715","0.670","2.36M","0.00%"
"Oct 09, 2018","0.705","0.715","0.715","0.700","687.40K","0.71%"
"Oct 08, 2018","0.700","0.750","0.750","0.695","5.33M","-7.89%"
"Oct 05, 2018","0.760","0.755","0.775","0.755","734.90K","-0.65%"
"Oct 04, 2018","0.765","0.790","0.790","0.760","2.45M","-3.16%"
"Oct 03, 2018","0.790","0.800","0.810","0.780","2.12M","-0.63%"
"Oct 02, 2018","0.795","0.815","0.820","0.785","3.02M","-2.45%"
"Oct 01, 2018","0.815","0.790","0.815","0.790","3.33M","1.87%"
"Sep 28, 2018","0.800","0.790","0.810","0.785","3.34M","0.63%"
"Sep 27, 2018","0.795","0.800","0.805","0.785","1.11M","-1.85%"
"Sep 26, 2018","0.810","0.800","0.810","0.785","603.40K","1.89%"
"Sep 25, 2018","0.795","0.820","0.820","0.780","2.95M","-2.45%"
"Sep 24, 2018","0.815","0.845","0.845","0.815","2.28M","-3.55%"
"Sep 21, 2018","0.845","0.805","0.850","0.800","4.23M","5.63%"
"Sep 20, 2018","0.800","0.780","0.810","0.780","1.63M","2.56%"
"Sep 19, 2018","0.780","0.780","0.805","0.770","2.63M","0.65%"
"Sep 18, 2018","0.775","0.740","0.780","0.725","2.73M","4.73%"
"Sep 14, 2018","0.740","0.725","0.765","0.725","4.12M","1.37%"
"Sep 13, 2018","0.730","0.715","0.740","0.710","3.68M","1.39%"
"Sep 12, 2018","0.720","0.740","0.740","0.705","1.46M","-3.36%"
"Sep 07, 2018","0.745","0.750","0.750","0.725","3.78M","0.00%"
"Sep 06, 2018","0.745","0.760","0.765","0.720","6.72M","-2.61%"
"Sep 05, 2018","0.765","0.820","0.820","0.760","7.82M","-6.71%"
"Sep 04, 2018","0.820","0.810","0.840","0.810","4.54M","1.23%"
"Sep 03, 2018","0.810","0.830","0.830","0.770","3.27M","-2.41%"
"Aug 30, 2018","0.830","0.875","0.875","0.830","3.76M","-4.05%"
"Aug 29, 2018","0.865","0.865","0.885","0.860","6.54M","0.00%"
"Aug 28, 2018","0.865","0.880","0.890","0.860","3.12M","-1.14%"
"Aug 27, 2018","0.875","0.885","0.890","0.870","1.80M","-0.57%"
"Aug 24, 2018","0.880","0.875","0.895","0.875","2.36M","1.15%"
"Aug 23, 2018","0.870","0.880","0.890","0.870","6.44M","-1.14%"
"Aug 21, 2018","0.880","0.950","0.955","0.870","17.86M","-6.88%"
"Aug 20, 2018","0.945","0.960","0.965","0.935","3.35M","-1.05%"
"Aug 17, 2018","0.955","0.960","0.980","0.950","12.93M","0.53%"
"Aug 16, 2018","0.950","0.915","0.960","0.910","7.45M","3.26%"
"Aug 15, 2018","0.920","0.915","0.925","0.905","2.31M","1.10%"
"Aug 14, 2018","0.910","0.905","0.930","0.900","8.20M","0.00%"
"Aug 13, 2018","0.910","0.925","0.925","0.900","4.56M","-1.62%"
"Aug 10, 2018","0.925","0.935","0.945","0.920","2.07M","-1.07%"
"Aug 09, 2018","0.935","0.940","0.965","0.935","11.32M","-0.53%"
"Aug 08, 2018","0.940","0.915","0.955","0.915","23.82M","3.30%"
"Aug 07, 2018","0.910","0.905","0.930","0.895","9.65M","1.11%"
"Aug 06, 2018","0.900","0.905","0.915","0.890","6.19M","0.00%"
"Aug 03, 2018","0.900","0.875","0.905","0.860","7.29M","2.86%"
"Aug 02, 2018","0.875","0.895","0.895","0.875","3.90M","-2.23%"
"Aug 01, 2018","0.895","0.905","0.920","0.895","3.37M","-1.10%"
"Jul 31, 2018","0.905","0.915","0.915","0.895","3.65M","-1.09%"
"Jul 30, 2018","0.915","0.925","0.940","0.910","7.13M","0.00%"
"Jul 27, 2018","0.915","0.905","0.920","0.885","9.92M","2.23%"
"Jul 26, 2018","0.895","0.940","0.940","0.890","11.63M","-4.79%"
"Jul 25, 2018","0.940","0.940","0.975","0.925","14.30M","1.62%"
"Jul 24, 2018","0.925","0.880","0.950","0.875","24.57M","6.32%"
"Jul 23, 2018","0.870","0.840","0.890","0.820","14.50M","4.19%"
"Jul 20, 2018","0.835","0.820","0.840","0.805","12.99M","1.83%"
"Jul 19, 2018","0.820","0.770","0.835","0.765","17.77M","6.49%"
"Jul 18, 2018","0.770","0.775","0.780","0.760","3.80M","-0.65%"
"Jul 17, 2018","0.775","0.775","0.785","0.765","6.40M","0.00%"
"Jul 16, 2018","0.775","0.765","0.785","0.740","8.49M","2.65%"
"Jul 13, 2018","0.755","0.735","0.780","0.725","17.83M","4.14%"
"Jul 12, 2018","0.725","0.695","0.735","0.685","13.94M","4.32%"
"Jul 11, 2018","0.695","0.690","0.705","0.675","9.10M","-0.71%"
"Jul 10, 2018","0.700","0.715","0.725","0.700","7.16M","-1.41%"
"Jul 09, 2018","0.710","0.700","0.730","0.695","13.20M","2.16%"
"Jul 06, 2018","0.695","0.690","0.700","0.685","5.63M","1.46%"
"Jul 05, 2018","0.685","0.710","0.710","0.685","4.48M","-3.52%"
"Jul 04, 2018","0.710","0.715","0.720","0.700","5.88M","-0.70%"
"Jul 03, 2018","0.715","0.715","0.730","0.700","5.39M","-1.38%"
"Jul 02, 2018","0.725","0.745","0.745","0.715","1.31M","-2.03%"
"Jun 29, 2018","0.740","0.745","0.750","0.735","1.96M","0.00%"
"Jun 28, 2018","0.740","0.750","0.765","0.735","2.92M","0.00%"
"Jun 27, 2018","0.740","0.715","0.770","0.715","9.07M","2.78%"
"Jun 26, 2018","0.720","0.720","0.720","0.700","1.22M","-0.69%"
"Jun 25, 2018","0.725","0.740","0.745","0.715","2.61M","-0.68%"
"Jun 22, 2018","0.730","0.705","0.735","0.695","3.84M","3.55%"
"Jun 21, 2018","0.705","0.720","0.730","0.690","2.50M","-1.40%"
"Jun 20, 2018","0.715","0.695","0.720","0.690","6.34M","5.15%"
"Jun 19, 2018","0.680","0.725","0.725","0.680","3.74M","-3.55%"
"Jun 18, 2018","0.705","0.740","0.750","0.680","6.86M","-4.73%"
"Jun 14, 2018","0.740","0.730","0.765","0.715","9.12M","0.68%"
"Jun 13, 2018","0.735","0.645","0.740","0.645","17.46M","14.84%"
"Jun 12, 2018","0.640","0.635","0.650","0.630","3.05M","1.59%"
"Jun 11, 2018","0.630","0.635","0.655","0.630","5.17M","-0.79%"
"Jun 08, 2018","0.635","0.680","0.680","0.630","8.97M","-6.62%"
"Jun 07, 2018","0.680","0.680","0.700","0.660","8.61M","1.49%"
"Jun 06, 2018","0.670","0.660","0.750","0.650","23.62M","1.52%"
"Jun 05, 2018","0.660","0.605","0.660","0.605","9.68M","10.00%"
"Jun 04, 2018","0.600","0.590","0.620","0.575","9.45M","5.26%"
"Jun 01, 2018","0.570","0.565","0.580","0.560","5.11M","0.88%"
"May 31, 2018","0.565","0.585","0.610","0.550","7.93M","-2.59%"
"May 30, 2018","0.580","0.670","0.670","0.580","4.24M","-14.07%"
"May 28, 2018","0.675","0.695","0.695","0.675","1.74M","-2.17%"
"May 25, 2018","0.690","0.670","0.690","0.665","2.48M","4.55%"
"May 24, 2018","0.660","0.680","0.685","0.650","4.73M","-0.75%"
"May 23, 2018","0.665","0.670","0.680","0.645","4.01M","0.00%"
"May 22, 2018","0.665","0.675","0.705","0.665","12.58M","0.76%"
"May 21, 2018","0.660","0.715","0.715","0.650","8.75M","-8.97%"
"May 18, 2018","0.725","0.780","0.780","0.700","12.76M","-7.05%"
"May 17, 2018","0.780","0.780","0.795","0.775","4.62M","-0.64%"
"May 16, 2018","0.785","0.805","0.815","0.785","6.67M","-1.87%"
"May 15, 2018","0.800","0.800","0.820","0.795","9.64M","0.00%"
"May 14, 2018","0.800","0.950","0.950","0.725","20.39M","-22.33%"
"May 08, 2018","1.030","1.030","1.050","1.020","2.20M","0.00%"
"May 07, 2018","1.030","1.060","1.060","1.010","2.53M","-1.90%"
"May 04, 2018","1.050","1.050","1.060","1.030","588.90K","0.00%"
"May 03, 2018","1.050","1.030","1.070","1.030","848.70K","1.94%"
"May 02, 2018","1.030","1.020","1.040","1.010","2.01M","0.00%"
"Apr 30, 2018","1.030","1.050","1.060","1.030","210.20K","0.98%"
"Apr 27, 2018","1.020","1.030","1.030","1.000","968.40K","-0.97%"
"Apr 26, 2018","1.030","1.050","1.060","1.020","2.29M","0.00%"
"Apr 25, 2018","1.030","1.060","1.060","1.010","1.04M","-2.83%"
"Apr 24, 2018","1.060","1.060","1.070","1.050","571.30K","-0.93%"
"Apr 23, 2018","1.070","1.070","1.100","1.060","332.10K","-2.73%"
"Apr 20, 2018","1.100","1.090","1.100","1.080","1.13M","0.00%"
"Apr 19, 2018","1.100","1.100","1.110","1.090","1.03M","-2.65%"
"Apr 18, 2018","1.130","1.130","1.130","1.110","237.10K","0.89%"
"Apr 17, 2018","1.120","1.140","1.150","1.080","3.51M","-1.75%"
"Apr 16, 2018","1.140","1.100","1.140","1.090","2.37M","1.79%"
"Apr 13, 2018","1.120","1.130","1.140","1.100","358.60K","0.90%"
"Apr 12, 2018","1.110","1.120","1.120","1.100","1.04M","-3.48%"
"Apr 11, 2018","1.150","1.130","1.170","1.130","4.28M","0.88%"
"Apr 10, 2018","1.140","0.995","1.180","0.990","5.77M","14.57%"
"Apr 09, 2018","0.995","0.985","1.010","0.985","3.14M","1.02%"
"Apr 06, 2018","0.985","0.985","0.995","0.965","1.62M","-1.01%"
"Apr 05, 2018","0.995","0.970","0.995","0.970","1.80M","2.58%"
"Apr 04, 2018","0.970","1.010","1.010","0.960","3.10M","-3.96%"
"Apr 03, 2018","1.010","0.995","1.020","0.995","1.10M","1.00%"
"Apr 02, 2018","1.000","0.995","1.040","0.990","4.71M","1.52%"
"Mar 30, 2018","0.985","0.980","0.990","0.970","487.50K","0.51%"
"Mar 29, 2018","0.980","0.990","0.990","0.975","808.10K","0.00%"
"Mar 28, 2018","0.980","0.990","0.990","0.975","1.49M","-1.01%"
"Mar 27, 2018","0.990","1.020","1.020","0.980","774.50K","-1.00%"
"Mar 26, 2018","1.000","0.990","1.000","0.960","1.60M","-0.99%"
"Mar 23, 2018","1.010","1.010","1.030","1.000","489.10K","-1.94%"
"Mar 22, 2018","1.030","1.040","1.040","1.010","308.70K","-0.96%"
"Mar 21, 2018","1.040","1.050","1.090","1.030","5.27M","0.00%"
"Mar 20, 2018","1.040","1.040","1.050","1.020","2.20M","-0.95%"
"Mar 19, 2018","1.050","1.060","1.060","1.010","3.06M","-1.87%"
"Mar 16, 2018","1.070","0.970","1.080","0.970","5.96M","10.31%"
"Mar 15, 2018","0.970","0.975","0.990","0.940","7.95M","-1.02%"
"Mar 14, 2018","0.980","1.000","1.000","0.975","3.34M","-2.00%"
"Mar 13, 2018","1.000","0.980","1.030","0.980","9.42M","3.09%"
"Mar 12, 2018","0.970","0.970","0.980","0.955","8.35M","2.11%"
"Mar 09, 2018","0.950","1.010","1.010","0.930","11.20M","-5.94%"
"Mar 08, 2018","1.010","1.040","1.060","0.995","6.39M","-1.94%"
"Mar 07, 2018","1.030","1.120","1.120","1.010","8.93M","-8.85%"
"Mar 06, 2018","1.130","1.160","1.180","1.090","5.37M","-1.74%"
"Mar 05, 2018","1.150","1.170","1.170","1.140","3.01M","-1.71%"
"Mar 02, 2018","1.170","1.180","1.200","1.150","2.58M","-0.85%"
"Mar 01, 2018","1.180","1.200","1.220","1.150","3.57M","-2.48%"
"Feb 28, 2018","1.210","1.210","1.220","1.150","3.34M","0.00%"
"Feb 27, 2018","1.210","1.240","1.240","1.200","2.64M","-1.63%"
"Feb 26, 2018","1.230","1.200","1.250","1.200","4.44M","3.36%"
"Feb 23, 2018","1.190","1.190","1.200","1.190","126.40K","-0.83%"
"Feb 22, 2018","1.200","1.210","1.210","1.190","1.25M","-0.83%"
"Feb 21, 2018","1.210","1.190","1.230","1.190","1.40M","1.68%"
"Feb 20, 2018","1.190","1.200","1.210","1.180","960.90K","0.00%"
"Feb 19, 2018","1.190","1.170","1.220","1.170","1.85M","2.59%"
"Feb 15, 2018","1.160","1.140","1.190","1.140","1.06M","1.75%"
"Feb 14, 2018","1.140","1.180","1.180","1.120","3.45M","-3.39%"
"Feb 13, 2018","1.180","1.080","1.180","1.060","4.95M","9.26%"
"Feb 12, 2018","1.080","1.120","1.150","1.060","4.97M","-3.57%"
"Feb 09, 2018","1.120","1.150","1.200","1.120","4.04M","-4.27%"
"Feb 08, 2018","1.170","1.190","1.200","1.150","1.84M","-1.68%"
"Feb 07, 2018","1.190","1.210","1.220","1.190","8.39M","-0.83%"
"Feb 06, 2018","1.200","1.200","1.210","1.150","6.31M","-3.23%"
"Feb 05, 2018","1.240","1.220","1.240","1.190","2.62M","0.81%"
"Feb 02, 2018","1.230","1.240","1.270","1.190","7.80M","-0.81%"
"Jan 30, 2018","1.240","1.270","1.300","1.230","3.07M","-3.12%"
"Jan 29, 2018","1.280","1.300","1.310","1.280","2.45M","-1.54%"
"Jan 26, 2018","1.300","1.280","1.310","1.260","3.14M","2.36%"
"Jan 25, 2018","1.270","1.280","1.300","1.270","2.17M","0.00%"
"Jan 24, 2018","1.270","1.270","1.290","1.270","1.90M","-0.78%"
"Jan 23, 2018","1.280","1.280","1.310","1.260","5.30M","1.59%"
"Jan 22, 2018","1.260","1.290","1.290","1.250","3.02M","-2.33%"
"Jan 19, 2018","1.290","1.300","1.310","1.280","3.25M","0.00%"
"Jan 18, 2018","1.290","1.310","1.320","1.280","2.52M","-1.53%"
"Jan 17, 2018","1.310","1.330","1.330","1.270","2.86M","-0.76%"
"Jan 16, 2018","1.320","1.280","1.330","1.230","5.75M","4.76%"
"Jan 15, 2018","1.260","1.300","1.310","1.250","4.00M","-3.08%"
"Jan 12, 2018","1.300","1.320","1.320","1.290","3.54M","-0.76%"
"Jan 11, 2018","1.310","1.330","1.340","1.260","4.08M","-1.50%"
"Jan 10, 2018","1.330","1.310","1.350","1.290","8.60M","1.53%"
"Jan 09, 2018","1.310","1.380","1.410","1.300","9.64M","-1.50%"
"Jan 08, 2018","1.330","1.260","1.360","1.260","7.20M","7.26%"
"Jan 05, 2018","1.240","1.250","1.280","1.240","3.08M","0.00%"
"Jan 04, 2018","1.240","1.220","1.270","1.210","3.61M","1.64%"
"Jan 03, 2018","1.220","1.200","1.220","1.190","2.75M","0.83%"
"Jan 02, 2018","1.210","1.220","1.240","1.190","2.00M","0.00%"
"Dec 29, 2017","1.210","1.210","1.220","1.180","1.70M","-0.82%"
"Dec 28, 2017","1.220","1.240","1.240","1.210","949.40K","-1.61%"
"Dec 27, 2017","1.240","1.240","1.250","1.220","628.20K","0.00%"
"Dec 26, 2017","1.240","1.220","1.270","1.200","1.74M","8.49%"
"Dec 22, 2017","1.143","1.143","1.143","1.139","1.33M","0.00%"
"Dec 21, 2017","1.143","1.136","1.147","1.132","2.59M","1.24%"
"Dec 20, 2017","1.129","1.143","1.147","1.129","4.12M","-0.88%"
"Dec 19, 2017","1.139","1.143","1.150","1.129","2.35M","0.00%"
"Dec 18, 2017","1.139","1.132","1.139","1.121","1.42M","1.61%"
"Dec 15, 2017","1.121","1.114","1.129","1.107","3.14M","0.90%"
"Dec 14, 2017","1.111","1.121","1.121","1.111","4.66M","-0.63%"
"Dec 13, 2017","1.118","1.139","1.139","1.107","2.87M","-0.27%"
"Dec 12, 2017","1.121","1.132","1.143","1.121","2.35M","0.27%"
"Dec 11, 2017","1.118","1.118","1.121","1.114","1.62M","0.00%"
"Dec 08, 2017","1.118","1.118","1.129","1.114","753.75K","0.00%"
"Dec 07, 2017","1.118","1.129","1.129","1.103","3.08M","-1.24%"
"Dec 06, 2017","1.132","1.136","1.136","1.118","843.25K","-0.35%"
"Dec 05, 2017","1.136","1.154","1.154","1.132","888.25K","-1.82%"
"Dec 04, 2017","1.157","1.147","1.157","1.129","2.41M","1.22%"
"Nov 30, 2017","1.143","1.114","1.157","1.111","5.38M","2.60%"
"Nov 29, 2017","1.114","1.096","1.121","1.096","2.57M","0.63%"
"Nov 28, 2017","1.107","1.111","1.111","1.096","2.10M","-0.36%"
"Nov 27, 2017","1.111","1.093","1.111","1.093","4.05M","0.36%"
"Nov 24, 2017","1.107","1.129","1.129","1.093","1.79M","-0.98%"
"Nov 23, 2017","1.118","1.071","1.118","1.071","7.98M","5.47%"
"Nov 22, 2017","1.060","1.064","1.071","1.060","9.92M","0.00%"
"Nov 21, 2017","1.060","1.056","1.078","1.053","5.68M","0.00%"
"Nov 20, 2017","1.060","1.100","1.107","1.038","13.07M","-3.64%"
"Nov 17, 2017","1.100","1.111","1.111","1.089","3.75M","1.01%"
"Nov 16, 2017","1.089","1.093","1.100","1.078","5.22M","-0.37%"
"Nov 15, 2017","1.093","1.118","1.118","1.093","4.62M","-2.24%"
"Nov 14, 2017","1.118","1.107","1.121","1.107","1.19M","0.36%"
"Nov 13, 2017","1.114","1.100","1.114","1.093","2.67M","1.92%"
"Nov 10, 2017","1.093","1.085","1.111","1.085","4.09M","0.74%"
"Nov 09, 2017","1.085","1.125","1.136","1.082","6.17M","-4.15%"
"Nov 08, 2017","1.132","1.136","1.136","1.125","771.50K","-0.61%"
"Nov 07, 2017","1.139","1.139","1.139","1.121","1.12M","0.26%"
"Nov 06, 2017","1.136","1.136","1.143","1.132","1.04M","0.00%"
"Nov 03, 2017","1.136","1.147","1.147","1.132","2.03M","0.00%"
"Nov 02, 2017","1.136","1.139","1.139","1.129","936.00K","-0.26%"
"Nov 01, 2017","1.139","1.139","1.154","1.125","5.03M","1.61%"
"Oct 31, 2017","1.121","1.139","1.139","1.118","807.75K","-1.32%"
"Oct 30, 2017","1.136","1.139","1.147","1.136","1.42M","0.00%"
"Oct 27, 2017","1.136","1.139","1.143","1.129","1.89M","-0.26%"
"Oct 26, 2017","1.139","1.139","1.139","1.136","1.28M","0.00%"
"Oct 25, 2017","1.139","1.136","1.143","1.132","3.28M","0.62%"
"Oct 24, 2017","1.132","1.136","1.139","1.103","3.17M","0.27%"
"Oct 23, 2017","1.129","1.129","1.132","1.118","2.84M","0.00%"
"Oct 20, 2017","1.129","1.114","1.129","1.107","5.72M","1.35%"
"Oct 19, 2017","1.114","1.103","1.125","1.089","4.01M","1.64%"
"Oct 17, 2017","1.096","1.082","1.096","1.078","3.49M","1.67%"
"Oct 16, 2017","1.078","1.096","1.096","1.078","4.29M","-1.64%"
"Oct 13, 2017","1.096","1.107","1.111","1.093","1.55M","-0.99%"
"Oct 12, 2017","1.107","1.114","1.114","1.103","346.25K","0.36%"
"Oct 11, 2017","1.103","1.107","1.111","1.103","791.50K","-0.36%"
"Oct 10, 2017","1.107","1.129","1.129","1.107","429.00K","0.36%"
"Oct 09, 2017","1.103","1.136","1.136","1.100","1.80M","-1.96%"
"Oct 06, 2017","1.125","1.100","1.132","1.096","6.93M","2.93%"
"Oct 05, 2017","1.093","1.082","1.093","1.078","1.53M","1.67%"
"Oct 04, 2017","1.075","1.075","1.096","1.071","1.69M","-0.28%"
"Oct 03, 2017","1.078","1.082","1.093","1.075","1.76M","-0.37%"
"Oct 02, 2017","1.082","1.100","1.100","1.082","910.50K","-1.64%"
"Sep 29, 2017","1.100","1.111","1.111","1.093","1.90M","-0.27%"
"Sep 28, 2017","1.103","1.078","1.111","1.075","4.94M","2.32%"
"Sep 27, 2017","1.078","1.064","1.082","1.064","1.57M","1.32%"
"Sep 26, 2017","1.064","1.082","1.082","1.060","8.19M","-1.30%"
"Sep 25, 2017","1.078","1.053","1.085","1.046","5.06M","2.37%"
"Sep 21, 2017","1.053","1.071","1.078","1.053","14.40M","-1.68%"
"Sep 20, 2017","1.071","1.093","1.096","1.053","13.22M","-2.01%"
"Sep 19, 2017","1.093","1.121","1.121","1.075","7.22M","-1.62%"
"Sep 18, 2017","1.111","1.107","1.121","1.096","6.62M","0.36%"
"Sep 15, 2017","1.107","1.125","1.132","1.103","6.71M","-0.63%"
"Sep 14, 2017","1.114","1.132","1.132","1.114","4.41M","-1.33%"
"Sep 13, 2017","1.129","1.129","1.132","1.121","2.47M","0.36%"
"Sep 12, 2017","1.125","1.125","1.132","1.118","1.57M","0.36%"
"Sep 11, 2017","1.121","1.125","1.147","1.118","3.24M","0.00%"
"Sep 08, 2017","1.121","1.114","1.139","1.114","2.20M","0.90%"
"Sep 07, 2017","1.111","1.129","1.157","1.107","10.79M","2.68%"
"Sep 06, 2017","1.082","1.075","1.082","1.046","4.07M","3.15%"
"Sep 05, 2017","1.049","1.075","1.075","1.049","3.75M","-1.41%"
"Aug 30, 2017","1.064","1.067","1.075","1.049","3.83M","0.76%"
"Aug 29, 2017","1.056","1.075","1.082","1.046","6.97M","-1.77%"
"Aug 28, 2017","1.075","1.067","1.121","1.067","4.56M","1.03%"
"Aug 25, 2017","1.064","1.078","1.078","1.060","2.00M","-0.28%"
"Aug 24, 2017","1.067","1.082","1.082","1.056","2.67M","-1.39%"
"Aug 23, 2017","1.082","1.046","1.093","1.042","3.48M","3.84%"
"Aug 22, 2017","1.042","1.042","1.046","1.038","1.47M","0.00%"
"Aug 21, 2017","1.042","1.056","1.064","1.042","2.81M","-1.04%"
"Aug 18, 2017","1.053","1.010","1.071","1.010","6.34M","3.95%"
"Aug 17, 2017","1.013","1.010","1.017","1.006","1.98M","0.30%"
"Aug 16, 2017","1.010","1.006","1.017","0.992","3.59M","1.81%"
"Aug 15, 2017","0.992","1.024","1.024","0.988","1.42M","1.54%"
"Aug 14, 2017","0.977","0.977","0.981","0.974","329.75K","-0.41%"
"Aug 11, 2017","0.981","0.974","0.988","0.974","748.00K","-0.71%"
"Aug 10, 2017","0.988","0.992","0.995","0.974","1.64M","-0.70%"
"Aug 09, 2017","0.995","0.999","0.999","0.992","182.75K","-0.40%"
"Aug 08, 2017","0.999","0.999","1.010","0.992","3.38M","0.00%"
"Aug 07, 2017","0.999","0.981","1.010","0.981","2.79M","1.83%"
"Aug 04, 2017","0.981","0.984","0.988","0.977","62.00K","0.72%"
"Aug 03, 2017","0.974","0.974","0.981","0.974","1.42M","-0.71%"
"Aug 02, 2017","0.981","0.974","0.981","0.963","1.31M","0.72%"
"Aug 01, 2017","0.974","0.974","0.977","0.966","998.50K","-0.71%"
"Jul 31, 2017","0.981","0.984","0.984","0.981","55.75K","-0.30%"
"Jul 28, 2017","0.984","0.984","0.988","0.981","834.75K","0.31%"
"Jul 27, 2017","0.981","0.974","0.995","0.974","3.63M","1.13%"
"Jul 26, 2017","0.970","0.966","0.970","0.959","414.25K","-0.41%"
"Jul 25, 2017","0.974","0.988","0.992","0.970","2.68M","0.00%"
"Jul 24, 2017","0.974","0.981","0.981","0.959","300.25K","-0.71%"
"Jul 21, 2017","0.981","0.966","0.981","0.956","4.23M","2.29%"
"Jul 20, 2017","0.959","0.963","0.970","0.956","2.88M","-0.72%"
"Jul 19, 2017","0.966","0.984","0.984","0.963","2.88M","-0.41%"
"Jul 18, 2017","0.970","0.945","0.977","0.941","4.73M","2.65%"
"Jul 17, 2017","0.945","0.912","0.977","0.912","5.82M","3.62%"
"Jul 14, 2017","0.912","0.909","0.916","0.901","4.73M","0.77%"
"Jul 13, 2017","0.905","0.894","0.909","0.894","1.69M","1.23%"
"Jul 12, 2017","0.894","0.891","0.901","0.887","2.00M","0.34%"
"Jul 11, 2017","0.891","0.894","0.894","0.891","552.00K","-1.11%"
"Jul 10, 2017","0.901","0.905","0.905","0.901","3.20M","-0.88%"
"Jul 07, 2017","0.909","0.901","0.909","0.898","2.45M","0.89%"
"Jul 06, 2017","0.901","0.905","0.905","0.901","2.67M","-0.44%"
"Jul 05, 2017","0.905","0.905","0.909","0.905","241.25K","0.00%"
"Jul 04, 2017","0.905","0.901","0.916","0.901","4.04M","0.44%"
"Jul 03, 2017","0.901","0.901","0.901","0.898","944.50K","0.00%"
"Jun 30, 2017","0.901","0.901","0.916","0.901","1.52M","0.00%"
"Jun 29, 2017","0.901","0.901","0.901","0.883","2.85M","0.00%"
"Jun 28, 2017","0.901","0.905","0.905","0.901","1.45M","-0.44%"
"Jun 23, 2017","0.905","0.901","0.912","0.898","2.21M","0.44%"
"Jun 22, 2017","0.901","0.905","0.905","0.898","4.49M","-0.44%"
"Jun 21, 2017","0.905","0.887","0.905","0.887","3.81M","1.57%"
"Jun 20, 2017","0.891","0.898","0.901","0.887","5.84M","-0.78%"
"Jun 19, 2017","0.898","0.894","0.916","0.891","8.88M","0.45%"
"Jun 16, 2017","0.894","0.901","0.901","0.887","9.09M","0.34%"
"Jun 15, 2017","0.891","0.901","0.901","0.887","3.68M","-0.34%"
"Jun 14, 2017","0.894","0.883","0.898","0.876","7.29M","2.05%"
"Jun 13, 2017","0.876","0.865","0.880","0.862","6.64M","1.62%"
"Jun 09, 2017","0.862","0.865","0.869","0.858","2.25M","0.47%"
"Jun 08, 2017","0.858","0.880","0.880","0.855","3.44M","-2.83%"
"Jun 07, 2017","0.883","0.876","0.887","0.876","2.21M","0.34%"
"Jun 06, 2017","0.880","0.880","0.883","0.873","4.15M","0.00%"
"Jun 05, 2017","0.880","0.876","0.894","0.876","4.57M","0.00%"
"Jun 02, 2017","0.880","0.891","0.894","0.873","431.00K","0.00%"
"Jun 01, 2017","0.880","0.876","0.883","0.865","3.69M","-0.34%"
"May 31, 2017","0.883","0.883","0.883","0.880","1.10M","0.00%"
"May 30, 2017","0.883","0.883","0.887","0.880","3.58M","0.00%"
"May 29, 2017","0.883","0.883","0.887","0.873","5.04M","-0.45%"
"May 26, 2017","0.887","0.873","0.891","0.873","637.75K","0.45%"
"May 25, 2017","0.883","0.883","0.887","0.880","1.43M","0.00%"
"May 24, 2017","0.883","0.876","0.883","0.876","194.50K","0.80%"
"May 23, 2017","0.876","0.883","0.883","0.869","3.55M","0.34%"
"May 22, 2017","0.873","0.891","0.891","0.873","3.14M","-1.58%"
"May 19, 2017","0.887","0.865","0.887","0.858","6.18M","2.54%"
"May 18, 2017","0.865","0.862","0.873","0.858","3.88M","-1.26%"
"May 17, 2017","0.876","0.858","0.891","0.851","9.07M","-0.79%"
"May 16, 2017","0.883","0.844","0.883","0.840","8.14M","4.25%"
"May 15, 2017","0.847","0.847","0.851","0.840","4.29M","0.00%"
"May 12, 2017","0.847","0.837","0.869","0.837","8.06M","2.17%"
"May 11, 2017","0.829","0.826","0.862","0.819","6.36M","0.36%"
"May 09, 2017","0.826","0.822","0.829","0.822","5.97M","-0.36%"
"May 08, 2017","0.829","0.822","0.837","0.822","2.32M","0.85%"
"May 05, 2017","0.822","0.829","0.829","0.822","1.75M","-0.48%"
"May 04, 2017","0.826","0.822","0.829","0.819","6.23M","-2.48%"
"May 03, 2017","0.847","0.837","0.851","0.837","6.09M","2.17%"
"May 02, 2017","0.829","0.837","0.837","0.811","2.60M","-1.78%"
"Apr 28, 2017","0.844","0.819","0.844","0.819","3.54M","3.56%"
"Apr 27, 2017","0.815","0.819","0.819","0.811","1.77M","-0.85%"
"Apr 26, 2017","0.822","0.815","0.822","0.815","3.50M","1.36%"
"Apr 25, 2017","0.811","0.793","0.815","0.790","2.74M","2.66%"
"Apr 21, 2017","0.790","0.790","0.790","0.782","507.00K","0.51%"
"Apr 20, 2017","0.786","0.779","0.786","0.775","7.00M","0.90%"
"Apr 19, 2017","0.779","0.779","0.779","0.775","1.20M","-0.38%"
"Apr 18, 2017","0.782","0.782","0.786","0.775","1.16M","-0.51%"
"Apr 17, 2017","0.786","0.786","0.786","0.775","1.43M","0.00%"
"Apr 14, 2017","0.786","0.775","0.786","0.768","1.39M","0.00%"
"Apr 13, 2017","0.786","0.790","0.790","0.775","5.34M","-0.51%"
"Apr 12, 2017","0.790","0.775","0.793","0.775","700.50K","1.41%"
"Apr 11, 2017","0.779","0.797","0.800","0.768","2.98M","-2.26%"
"Apr 10, 2017","0.797","0.790","0.804","0.790","1.74M","0.00%"
"Apr 07, 2017","0.797","0.786","0.800","0.786","4.75M","0.50%"
"Apr 06, 2017","0.793","0.790","0.797","0.790","2.15M","-0.50%"
"Apr 05, 2017","0.797","0.797","0.800","0.786","1.09M","0.00%"
"Apr 04, 2017","0.797","0.786","0.808","0.779","1.33M","0.50%"
"Apr 03, 2017","0.793","0.793","0.797","0.786","464.50K","-1.86%"
"Mar 31, 2017","0.808","0.793","0.808","0.790","1.27M","1.89%"
"Mar 30, 2017","0.793","0.793","0.797","0.782","8.50M","-0.50%"
"Mar 29, 2017","0.797","0.797","0.804","0.786","4.95M","2.84%"
"Mar 28, 2017","0.775","0.793","0.793","0.775","4.32M","-1.40%"
"Mar 27, 2017","0.786","0.815","0.822","0.782","1.93M","-3.08%"
"Mar 24, 2017","0.811","0.800","0.819","0.797","16.13M","2.27%"
"Mar 23, 2017","0.793","0.786","0.800","0.775","4.17M","0.89%"
"Mar 22, 2017","0.786","0.779","0.790","0.772","1.65M","0.51%"
"Mar 21, 2017","0.782","0.782","0.786","0.775","2.58M","0.00%"
"Mar 20, 2017","0.782","0.786","0.786","0.775","768.25K","-0.51%"
"Mar 17, 2017","0.786","0.779","0.786","0.772","1.48M","0.90%"
"Mar 16, 2017","0.779","0.775","0.782","0.772","2.17M","0.00%"
"Mar 15, 2017","0.779","0.779","0.782","0.772","1.94M","0.00%"
"Mar 14, 2017","0.779","0.768","0.790","0.768","4.18M","0.91%"
"Mar 13, 2017","0.772","0.768","0.779","0.764","1.14M","-0.39%"
"Mar 10, 2017","0.775","0.768","0.775","0.761","366.75K","0.00%"
"Mar 09, 2017","0.775","0.779","0.779","0.764","2.60M","0.39%"
"Mar 08, 2017","0.772","0.772","0.779","0.772","4.54M","0.00%"
"Mar 07, 2017","0.772","0.772","0.775","0.768","3.41M","0.52%"
"Mar 06, 2017","0.768","0.775","0.786","0.761","4.78M","-0.52%"
"Mar 03, 2017","0.772","0.761","0.772","0.754","6.66M","1.98%"
"Mar 02, 2017","0.757","0.754","0.768","0.754","3.80M","0.93%"
"Mar 01, 2017","0.750","0.743","0.750","0.739","361.25K","0.00%"
"Feb 28, 2017","0.750","0.750","0.757","0.743","241.00K","-0.92%"
"Feb 27, 2017","0.757","0.746","0.772","0.746","1.27M","2.44%"
"Feb 24, 2017","0.739","0.775","0.775","0.732","4.58M","-2.89%"
"Feb 23, 2017","0.761","0.793","0.793","0.757","21.94M","4.97%"
"Feb 22, 2017","0.725","0.721","0.728","0.721","3.72M","0.55%"
"Feb 21, 2017","0.721","0.703","0.725","0.700","7.06M","1.55%"
"Feb 20, 2017","0.710","0.703","0.714","0.703","1.21M","0.42%"
"Feb 17, 2017","0.707","0.710","0.714","0.707","956.00K","-0.42%"
"Feb 16, 2017","0.710","0.714","0.718","0.710","1.78M","-1.11%"
"Feb 15, 2017","0.718","0.714","0.718","0.710","313.00K","0.56%"
"Feb 14, 2017","0.714","0.707","0.718","0.707","571.75K","0.56%"
"Feb 13, 2017","0.710","0.714","0.718","0.703","630.50K","0.00%"
"Feb 10, 2017","0.710","0.725","0.728","0.707","4.25M","-2.07%"
"Feb 08, 2017","0.725","0.721","0.732","0.718","3.43M","0.97%"
"Feb 07, 2017","0.718","0.710","0.721","0.710","1.06M","-0.42%"
"Feb 06, 2017","0.721","0.714","0.721","0.703","2.30M","0.00%"
"Feb 03, 2017","0.721","0.718","0.721","0.714","847.00K","0.98%"
"Feb 02, 2017","0.714","0.721","0.725","0.710","794.50K","-0.97%"
"Jan 31, 2017","0.721","0.721","0.721","0.710","276.25K","0.00%"
"Jan 27, 2017","0.721","0.714","0.721","0.710","45.75K","0.00%"
"Jan 26, 2017","0.721","0.718","0.721","0.714","898.75K","0.42%"
"Jan 25, 2017","0.718","0.721","0.721","0.703","2.08M","0.00%"
"Jan 24, 2017","0.718","0.714","0.728","0.714","726.00K","-0.42%"
"Jan 23, 2017","0.721","0.714","0.721","0.710","2.25M","1.55%"
"Jan 20, 2017","0.710","0.714","0.714","0.707","701.25K","-0.56%"
"Jan 19, 2017","0.714","0.707","0.714","0.703","621.50K","0.00%"
"Jan 18, 2017","0.714","0.703","0.718","0.703","276.75K","0.00%"
"Jan 17, 2017","0.714","0.710","0.714","0.703","1.19M","1.56%"
"Jan 16, 2017","0.703","0.703","0.718","0.696","833.50K","-0.99%"
"Jan 13, 2017","0.710","0.707","0.710","0.707","219.00K","0.00%"
"Jan 12, 2017","0.710","0.703","0.710","0.700","356.75K","1.00%"
"Jan 11, 2017","0.703","0.707","0.710","0.700","2.05M","0.00%"
"Jan 10, 2017","0.703","0.710","0.710","0.703","254.50K","-0.57%"
"Jan 09, 2017","0.707","0.685","0.718","0.678","2.58M","3.21%"
"Jan 06, 2017","0.685","0.685","0.689","0.681","1.55M","0.00%"
"Jan 05, 2017","0.685","0.681","0.689","0.678","1.61M","0.59%"
"Jan 04, 2017","0.681","0.678","0.685","0.671","804.00K","1.04%"
"Jan 03, 2017","0.674","0.660","0.681","0.660","968.00K","2.12%"
"Dec 30, 2016","0.660","0.663","0.678","0.660","1.02M","-0.45%"
"Dec 29, 2016","0.663","0.667","0.678","0.660","2.31M","0.45%"
"Dec 28, 2016","0.660","0.671","0.671","0.660","777.25K","-1.64%"
"Dec 27, 2016","0.671","0.674","0.678","0.663","151.50K","-0.45%"
"Dec 23, 2016","0.674","0.674","0.674","0.667","218.25K","0.00%"
"Dec 22, 2016","0.674","0.678","0.678","0.671","158.00K","-0.59%"
"Dec 21, 2016","0.678","0.678","0.681","0.671","412.00K","0.00%"
"Dec 20, 2016","0.678","0.678","0.681","0.674","347.75K","-0.44%"
"Dec 19, 2016","0.681","0.678","0.692","0.678","1.71M","1.04%"
"Dec 16, 2016","0.674","0.667","0.678","0.663","875.25K","0.45%"
"Dec 15, 2016","0.671","0.667","0.671","0.663","599.75K","0.60%"
"Dec 14, 2016","0.667","0.667","0.671","0.660","888.00K","0.00%"
"Dec 13, 2016","0.667","0.660","0.671","0.660","1.75M","2.14%"
"Dec 09, 2016","0.653","0.663","0.663","0.653","653.00K","-1.06%"
"Dec 08, 2016","0.660","0.660","0.663","0.653","168.25K","0.00%"
"Dec 07, 2016","0.660","0.660","0.660","0.653","2.64M","-0.45%"
"Dec 06, 2016","0.663","0.663","0.667","0.660","3.03M","-0.60%"
"Dec 05, 2016","0.667","0.663","0.667","0.656","574.25K","0.60%"
"Dec 02, 2016","0.663","0.663","0.667","0.656","1.02M","-0.60%"
"Dec 01, 2016","0.667","0.663","0.667","0.660","2.87M","0.60%"
"Nov 30, 2016","0.663","0.678","0.678","0.656","1.89M","-1.63%"
"Nov 29, 2016","0.674","0.671","0.685","0.667","19.35M","0.00%"
"Nov 28, 2016","0.674","0.653","0.678","0.653","2.69M","3.22%"
"Nov 25, 2016","0.653","0.674","0.674","0.645","8.31M","-3.12%"
"Nov 24, 2016","0.674","0.678","0.681","0.671","4.87M","0.45%"
"Nov 23, 2016","0.671","0.671","0.678","0.671","842.75K","-1.03%"
"Nov 22, 2016","0.678","0.681","0.681","0.674","2.03M","0.59%"
"Nov 21, 2016","0.674","0.671","0.678","0.663","2.83M","0.45%"
"Nov 18, 2016","0.671","0.667","0.681","0.667","2.70M","1.67%"
"Nov 17, 2016","0.660","0.667","0.685","0.660","5.59M","0.00%"
"Nov 16, 2016","0.660","0.667","0.674","0.660","1.72M","-1.05%"
"Nov 15, 2016","0.667","0.667","0.678","0.667","3.07M","1.68%"
"Nov 14, 2016","0.656","0.681","0.681","0.656","1.98M","-4.23%"
"Nov 11, 2016","0.685","0.689","0.689","0.671","2.72M","-1.01%"
"Nov 10, 2016","0.692","0.678","0.692","0.678","3.92M","4.37%"
"Nov 09, 2016","0.663","0.685","0.685","0.653","6.44M","-3.77%"
"Nov 08, 2016","0.689","0.685","0.696","0.681","6.36M","0.58%"
"Nov 07, 2016","0.685","0.681","0.692","0.678","2.34M","0.00%"
"Nov 04, 2016","0.685","0.674","0.685","0.671","2.77M","1.63%"
"Nov 03, 2016","0.674","0.671","0.689","0.667","10.98M","1.05%"
"Nov 02, 2016","0.667","0.718","0.718","0.667","8.46M","-7.10%"
"Nov 01, 2016","0.718","0.692","0.721","0.692","5.89M","3.16%"
"Oct 31, 2016","0.696","0.696","0.700","0.689","3.51M","0.58%"
"Oct 28, 2016","0.692","0.678","0.696","0.678","3.36M","1.62%"
"Oct 27, 2016","0.681","0.696","0.696","0.674","4.03M","-2.16%"
"Oct 26, 2016","0.696","0.671","0.703","0.671","2.93M","3.26%"
"Oct 25, 2016","0.674","0.681","0.681","0.667","4.49M","-0.59%"
"Oct 24, 2016","0.678","0.663","0.685","0.663","6.61M","2.26%"
"Oct 21, 2016","0.663","0.645","0.663","0.642","2.66M","2.79%"
"Oct 20, 2016","0.645","0.656","0.656","0.642","1.34M","-1.23%"
"Oct 19, 2016","0.653","0.649","0.663","0.645","2.93M","0.62%"
"Oct 18, 2016","0.649","0.649","0.653","0.642","3.66M","0.62%"
"Oct 17, 2016","0.645","0.649","0.649","0.642","942.50K","-0.62%"
"Oct 14, 2016","0.649","0.645","0.653","0.642","3.21M","1.09%"
"Oct 13, 2016","0.642","0.620","0.645","0.620","5.74M","4.05%"
"Oct 12, 2016","0.617","0.627","0.631","0.617","6.21M","-2.22%"
"Oct 11, 2016","0.631","0.627","0.642","0.627","3.96M","0.00%"
"Oct 10, 2016","0.631","0.631","0.645","0.627","4.24M","0.00%"
"Oct 07, 2016","0.631","0.638","0.642","0.624","3.72M","-1.10%"
"Oct 06, 2016","0.638","0.635","0.653","0.635","8.18M","1.75%"
"Oct 05, 2016","0.627","0.645","0.645","0.627","3.06M","-1.26%"
"Oct 04, 2016","0.635","0.617","0.638","0.617","5.75M","4.27%"
"Sep 30, 2016","0.609","0.620","0.624","0.606","2.10M","-1.30%"
"Sep 29, 2016","0.617","0.624","0.631","0.617","1.28M","-0.48%"
"Sep 28, 2016","0.620","0.624","0.635","0.620","3.80M","0.00%"
"Sep 27, 2016","0.620","0.624","0.627","0.617","7.44M","-0.64%"
"Sep 26, 2016","0.624","0.638","0.653","0.624","6.01M","-2.19%"
"Sep 23, 2016","0.638","0.609","0.638","0.602","12.95M","5.98%"
"Sep 22, 2016","0.602","0.566","0.606","0.566","14.00M","6.36%"
"Sep 21, 2016","0.566","0.562","0.566","0.559","1.86M","0.71%"
"Sep 20, 2016","0.562","0.562","0.566","0.559","4.38M","0.00%"
"Sep 19, 2016","0.562","0.559","0.566","0.555","3.42M","1.26%"
"Sep 15, 2016","0.555","0.562","0.562","0.552","3.54M","-0.72%"
"Sep 14, 2016","0.559","0.559","0.562","0.552","4.44M","0.00%"
"Sep 13, 2016","0.559","0.559","0.566","0.555","4.11M","-0.53%"
"Sep 09, 2016","0.562","0.555","0.573","0.555","2.65M","0.00%"
"Sep 08, 2016","0.562","0.548","0.562","0.548","3.01M","3.31%"
"Sep 07, 2016","0.544","0.555","0.555","0.544","3.15M","-1.98%"
"Sep 06, 2016","0.555","0.555","0.562","0.552","581.50K","0.00%"
"Sep 05, 2016","0.555","0.548","0.570","0.548","4.20M","0.54%"
"Sep 02, 2016","0.552","0.548","0.559","0.548","2.20M","0.00%"
"Sep 01, 2016","0.552","0.559","0.562","0.552","7.53M","0.00%"
"Aug 30, 2016","0.552","0.534","0.559","0.534","6.59M","2.79%"
"Aug 29, 2016","0.537","0.544","0.548","0.534","3.17M","-0.74%"
"Aug 26, 2016","0.541","0.516","0.544","0.516","8.28M","3.44%"
"Aug 25, 2016","0.523","0.523","0.523","0.516","3.60M","0.00%"
"Aug 24, 2016","0.523","0.526","0.530","0.519","5.60M","-2.06%"
"Aug 23, 2016","0.534","0.526","0.537","0.516","7.52M","1.52%"
"Aug 22, 2016","0.526","0.548","0.548","0.526","5.00M","-4.01%"
"Aug 19, 2016","0.548","0.534","0.559","0.534","10.80M","3.40%"
"Aug 18, 2016","0.530","0.541","0.559","0.516","15.28M","-2.03%"
"Aug 17, 2016","0.541","0.566","0.570","0.541","6.22M","-5.09%"
"Aug 16, 2016","0.570","0.573","0.581","0.562","2.56M","-0.52%"
"Aug 15, 2016","0.573","0.566","0.581","0.566","2.65M","0.53%"
"Aug 12, 2016","0.570","0.566","0.573","0.562","409.75K","0.71%"
"Aug 11, 2016","0.566","0.581","0.581","0.559","4.86M","-2.58%"
"Aug 10, 2016","0.581","0.566","0.581","0.555","6.74M","2.65%"
"Aug 09, 2016","0.566","0.566","0.570","0.562","1.06M","0.00%"
"Aug 08, 2016","0.566","0.559","0.570","0.552","4.95M","1.98%"
"Aug 05, 2016","0.555","0.555","0.562","0.552","3.14M","0.54%"
"Aug 04, 2016","0.552","0.544","0.559","0.544","4.89M","1.47%"
"Aug 03, 2016","0.544","0.548","0.548","0.544","1.01M","0.00%"
"Aug 02, 2016","0.544","0.548","0.559","0.541","10.20M","0.00%"
"Aug 01, 2016","0.544","0.526","0.555","0.526","8.95M","3.42%"
"Jul 29, 2016","0.526","0.523","0.530","0.519","1.07M","0.00%"
"Jul 28, 2016","0.526","0.526","0.526","0.519","1.48M","0.00%"
"Jul 27, 2016","0.526","0.526","0.530","0.516","3.13M","0.00%"
"Jul 26, 2016","0.526","0.534","0.534","0.523","10.22M","-0.75%"
"Jul 25, 2016","0.530","0.516","0.530","0.508","8.05M","2.71%"
"Jul 22, 2016","0.516","0.498","0.516","0.494","5.68M","2.99%"
"Jul 21, 2016","0.501","0.516","0.516","0.501","1.78M","-2.91%"
"Jul 20, 2016","0.516","0.498","0.516","0.494","6.09M","3.61%"
"Jul 19, 2016","0.498","0.505","0.508","0.494","2.01M","-1.39%"
"Jul 18, 2016","0.505","0.508","0.512","0.498","1.52M","-1.37%"
"Jul 15, 2016","0.512","0.516","0.519","0.505","2.72M","-0.78%"
"Jul 14, 2016","0.516","0.501","0.516","0.498","5.35M","3.61%"
"Jul 13, 2016","0.498","0.501","0.501","0.490","1.67M","0.00%"
"Jul 12, 2016","0.498","0.505","0.505","0.494","1.40M","-1.39%"
"Jul 11, 2016","0.505","0.501","0.505","0.494","873.25K","0.80%"
"Jul 08, 2016","0.501","0.498","0.501","0.487","1.07M","0.60%"
"Jul 05, 2016","0.498","0.487","0.501","0.487","4.26M","2.26%"
"Jul 04, 2016","0.487","0.476","0.490","0.472","3.03M","2.31%"
"Jul 01, 2016","0.476","0.476","0.480","0.472","791.25K","0.00%"
"Jun 30, 2016","0.476","0.476","0.483","0.472","7.93M","0.85%"
"Jun 29, 2016","0.472","0.487","0.490","0.472","3.56M","-3.08%"
"Jun 28, 2016","0.487","0.483","0.498","0.483","3.82M","0.83%"
"Jun 27, 2016","0.483","0.476","0.490","0.472","1.18M","1.47%"
"Jun 24, 2016","0.476","0.494","0.498","0.469","3.62M","-2.86%"
"Jun 23, 2016","0.490","0.494","0.498","0.490","1.58M","0.00%"
"Jun 21, 2016","0.490","0.505","0.505","0.490","3.04M","-2.20%"